Bjorn O'Malley| | Bjorn| | | O'Malley| 
Bin Lin| | Bin| | | Lin| 
Linda Jones| | Linda| | | Jones| 
Jason H. Priem| | Jason| | H.| Priem| 
Bjorn O'Malley-Munoz| | Bjorn| | | O'Malley-Munoz| 
Bjorn C. O'Malley| | Bjorn| | C.| O'Malley| 
Bjorn "Bill" O'Malley| | Bjorn| Bill| | O'Malley| 
Bjorn ("Bill") O'Malley| | Bjorn| Bill| | O'Malley| 
Bjorn ("Wild Bill") O'Malley| | Bjorn| Wild Bill| | O'Malley| 
Bjorn (Bill) O'Malley| | Bjorn| Bill| | O'Malley| 
Bjorn 'Bill' O'Malley| | Bjorn| Bill| | O'Malley| 
Bjorn C O'Malley| | Bjorn| | C| O'Malley| 
Bjorn C. R. O'Malley| | Bjorn| | C. R.| O'Malley| 
Bjorn Charles O'Malley| | Bjorn| | Charles| O'Malley| 
Bjorn Charles R. O'Malley| | Bjorn| | Charles R.| O'Malley| 
Bjorn van O'Malley| | Bjorn| | | van O'Malley| 
Bjorn Charles van der O'Malley| | Bjorn| | Charles| van der O'Malley| 
Bjorn Charles O'Malley y Munoz| | Bjorn| | Charles| O'Malley y Munoz| 
Bjorn O'Malley, Jr.| | Bjorn| | | O'Malley| Jr.
Bjorn O'Malley Jr| | Bjorn| | | O'Malley| Jr
B O'Malley| | B| | | O'Malley| 
William Carlos Williams| | William| | Carlos| Williams| 
C. Bjorn Roger O'Malley| C.| Bjorn| | Roger| O'Malley| 
B. C. O'Malley| | B.| | C.| O'Malley| 
B C O'Malley| | B| | C| O'Malley| 
B.J. Thomas| | B.J.| | | Thomas| 
O'Malley, Bjorn| | Bjorn| | | O'Malley| 
O'Malley, Bjorn Jr| | Bjorn| | | O'Malley| Jr
O'Malley, C. Bjorn| C.| Bjorn| | | O'Malley| 
O'Malley, C. Bjorn III| C.| Bjorn| | | O'Malley| III
O'Malley y Munoz, C. Bjorn Roger III| C.| Bjorn| | Roger| O'Malley y Munoz| III
O'Malley y Munoz,Mrs C. Bjorn Roger III| C.| Bjorn| | Roger| O'Malley y Munoz| III| Mrs| 
William Carlos Williams Sr,PHD| | William| | Carlos| Williams| Sr| | PHD
Dr. B. William Carlos "Billy" von Williams III,PHD| B.| William| Billy| Carlos| von Williams| III| Dr.| PHD  
Mr Blah Foo| | Blah| | | Foo| | Mr| 
